query,groundtruth,prediction,context_list
What did Cleveland's opponents say in 1884 to counter his innocent image?,That he had fathered an illegitimate child,"Cleveland's opponents in 1884 criticized his alleged involvement in a scandal regarding an illegitimate child, which was used to counter his innocent image during the presidential campaign.","[""Cleveland was defeated in the 1888 presidential election, in part due to fraud (See Blocks of Five). He actually led in the popular vote over Benjamin Harrison (48.6% to 47.8%), but Harrison won the Electoral College by a 233-168 margin, largely by squeaking out a barely-over-1% win in Cleveland's home state of New York; in fact, had Cleveland won his home state, he would have won the electoral vote by a count of 204-197 (201 votes then needed for victory). Note, though, that Cleveland earned 24 of his electoral votes in states that he won by less than 1% (Connecticut, Virginia, and West Virginia)."", ""Some of Cleveland's actions were controversial with political factions. Such criticisms include but are not limited to: his intervention in the Pullman Strike of 1894 in order to keep the railroads moving (a move which angered labor unions), his support of the gold standard, and opposition to free silver which alienated the agrarian wing of the Democrats.  Furthermore, critics complained that he had little imagination and seemed overwhelmed by the nation's economic disasters   depressions and strikes   in his second term. He lost control of his party to the agrarians and silverites in 1896.""]"
Does otter give birth or lay egg?,give birth,Otters give birth.,"['Otters do not depend on their specialized fur alone for survival in the cold waters where many live: they also have very high metabolic rates. For example Eurasian otters must eat 15% of their body-weight a day, and sea otters, 20 to 25%, depending on the temperature. In water as warm as 10Â°C an otter needs to catch 100 g of fish per hour to survive.  Most species hunt for 3 to 5 hours a day, and nursing mothers up to 8 hours a day.', 'Otters are very active, chasing prey in the water or searching the beds of rivers, lakes or the sea.  Most species live beside water, entering it mainly to hunt or travel, otherwise spending much of their time on land to avoid their fur becoming waterlogged.  The sea otter lives actually in the sea.']"
How many days did it take the Imperial Japanese Army to win the Battle of Singapore?,Six days,The Imperial Japanese Army took six days to win the Battle of Singapore.,"['During World War II, the Imperial Japanese Army invaded Malaya, culminating in the Battle of Singapore. The ill-prepared British were defeated in six days, and surrendered the supposedly impregnable ""Bastion of the Empire"" to General Tomoyuki Yamashita on 15 February 1942 in what is now known as the British Empire\'s greatest military defeat. The Japanese renamed Singapore  , from Japanese  , or ""southern island obtained in the age of ShÅ\x8dwa"", and occupied it until the British repossessed the island on September 12 1945, a month after the Japanese surrender.', 'The British East India Company established a trading post on the island in 1819. The main settlement up to that point was a Malay fishing village at the mouth of the Singapore River. Several hundred indigenous Orang Laut people also lived around the coast, rivers and smaller islands. The British used Singapore as a strategic trading post along the spice route.    It became one of the most important commercial and military centres of the British Empire. Winston Churchill called it ""Britain\'s greatest defeat"" when it was occupied by the Japanese during World War II.    Singapore reverted to British rule in 1945. In 1963, it merged with Malaya, Sabah and Sarawak to form Malaysia. Less than two years later it split from the federation and became an independent republic on 9 August 1965. Singapore was admitted to the United Nations on September 21 that same year.']"
"The John Adams Library , housed at the Boston Public Library , contains what?","Adams's personal collection of more than 3,500 volumes","Adams's personal collection of more than 3,500 volumes in eight languages, many of which are extensively annotated by Adams.","[""* The  John Adams Library, housed at the Boston Public Library, contains Adams's personal collection of more than 3,500 volumes in eight languages, many of which are extensively annotated by Adams."", '* Ryerson, Richard Alan, ed. John Adams and the Founding of the Republic (2001). Essays by scholars:  ""John Adams and the Massachusetts Provincial Elite,"" by William Pencak; ""Before Fame: Young John Adams and Thomas Jefferson,"" by John Ferling; ""John Adams and the \'Bolder Plan,\'"" by Gregg L. Lint; ""In the Shadow of Washington: John Adams as Vice President,"" by Jack D. Warren; ""The Presidential Election of 1796,"" by Joanne B. Freeman; ""The Disenchantment of a Radical Whig: John Adams Reckons with Free Speech,"" by Richard D. Brown; ""\'Splendid Misery\': Abigail Adams as First Lady,"" by Edith B. Gelles; ""John Adams and the Science of Politics,"" by C. Bradley Thompson; and ""Presidents as Historians: John Adams and Thomas Jefferson,"" by Herbert Sloan.']"
Who is the most popular rock group in Finland?,CMX,The most popular rock group in Finland is The Rasmus.,"['Modern Finnish popular music includes a renowned heavy metal scene, in common with other Nordic countries, as well as a number of prominent rock bands, jazz musicians, hip hop performers, and dance music acts such as Bomfunk MCs and Darude. Finnish electronic music such as the SÃ¤hkÃ¶ Recordings record label enjoys underground acclaim. IskelmÃ¤ (coined directly from the German word Schlager, meaning hit) is a traditional Finnish word for a light popular song. Finnish popular music also includes various kinds of dance music; tango, a style of Argentinean music, is also popular. One of the most productive composers of popular music was Toivo KÃ¤rki, and the most famous singer Olavi Virta (1915â\x80\x931972). Among the lyricists, Sauvo Puhtila (born 1928), Reino Helismaa (died 1965) and Veikko ""Vexi"" Salmi are the most remarkable authors. The composer and bandleader Jimi Tenor is well known for his brand of retro-funk music.', 'One of the most influential musical contribution to international rock music is the band Hanoi Rocks, led by guitarist Antti Hulkko, aka Andy McCoy. Another rock band to enjoy commercial success is The Rasmus. After eleven years together and several domestic releases, the band finally captured Europe (and other places, like South America). Their 2003 album Dead Letters sold 1.5 million units worldwide and garnered them eight gold and five platinum album designations. The single ""In the Shadows"" placed on Top 10 charts in eleven countries and was the most played video on MTV Europe for 2005. Most recently, the Finnish hard rock/heavy metal band Lordi won the 2006 Eurovision Song Contest with a record 292 points, giving Finland its first ever victory. So far the most successful Finnish band in the United States is HIM; they were the first band from Finland to ever sell an album that was certified gold by the RIAA.']"
Was Wilson president of the American Political Science Association in 1910 ?,Yes,Yes.,"['* Wilson was president of the American Political Science Association in 1910.', 'Thomas Woodrow Wilson (December 28, 1856â\x80\x93February 3, 1924), was the twenty-eighth President of the United States. A devout Presbyterian and leading ""intellectual"" of the Progressive Era, he served as president of Princeton University then became the reform governor of New Jersey in 1910. With Theodore Roosevelt and William Howard Taft dividing the Republican vote, Wilson was elected President as a Democrat in 1912. He proved highly successful in leading a Democratic Congress to pass major legislation including the Federal Trade Commission, the Clayton Antitrust Act, the Underwood Tariff, the Federal Farm Loan Act and most notably the Federal Reserve System.']"
When did the first verifiable written documents appear?,Twelfth Century,The first verifiable written documents appeared in the twelfth century.,"['The first verifiable written documents appeared in the twelfth century.', 'The Legal Tender Act of 1862 established the United States Note, the first paper currency in United States history.  This was done to increase the money supply to pay for fighting the war.']"
May a single female lay from several dozen to several thousand eggs during her lifetime ?,Yes.,"Yes, a single female may lay from several dozen to several thousand eggs during her lifetime.","['A single female may lay from several dozen to several thousand eggs during her lifetime. Eggs are usually laid according to the substrate the larva will feed on upon hatching. Among others, they can be laid loose in the substrate (e.g. flour beetle), laid in clumps on leaves (e.g. Colorado potato beetle), or individually attached (e.g. mungbean beetle and other seed borers) or buried in the medium (e.g. carrot weevil).', 'Turtles lay eggs, like other reptiles, which are slightly soft and leathery. The eggs of the largest species are spherical, while the eggs of the rest are elongated. Their albumen is white and contains a different protein than bird eggs, such that it will not coagulate when cooked. Turtle eggs prepared to eat consist mainly of yolk. In some species, temperature determines whether an egg develops into a male or a female: a higher temperature causes a female, a lower temperature causes a male. Large numbers of eggs are deposited in holes dug into mud or sand. They are then covered and left to incubate by themselves.  When the turtles hatch they squirm their way to the surface and make for the water. There are no known species wherein the mother cares for the young.']"
Can turtles take many years to reach breeding age ?,yes,"Yes, turtles can take many years to reach breeding age.","['Turtles can take many years to reach breeding age. Often turtles only breed every few years or more.', 'Turtles lay eggs, like other reptiles, which are slightly soft and leathery. The eggs of the largest species are spherical, while the eggs of the rest are elongated. Their albumen is white and contains a different protein than bird eggs, such that it will not coagulate when cooked. Turtle eggs prepared to eat consist mainly of yolk. In some species, temperature determines whether an egg develops into a male or a female: a higher temperature causes a female, a lower temperature causes a male. Large numbers of eggs are deposited in holes dug into mud or sand. They are then covered and left to incubate by themselves.  When the turtles hatch they squirm their way to the surface and make for the water. There are no known species wherein the mother cares for the young.']"
Did Grover Cleveland win the 1884 election?,yes,Grover Cleveland won the 1884 presidential election.,"[""Cleveland was defeated in the 1888 presidential election, in part due to fraud (See Blocks of Five). He actually led in the popular vote over Benjamin Harrison (48.6% to 47.8%), but Harrison won the Electoral College by a 233-168 margin, largely by squeaking out a barely-over-1% win in Cleveland's home state of New York; in fact, had Cleveland won his home state, he would have won the electoral vote by a count of 204-197 (201 votes then needed for victory). Note, though, that Cleveland earned 24 of his electoral votes in states that he won by less than 1% (Connecticut, Virginia, and West Virginia)."", 'In 1871 Grover Cleveland was elected Sheriff of Erie County, New York. At age 44, he emerged into a political prominence that carried him to the White House in three years.   Running as a reformer, he was elected Mayor of Buffalo in 1881, with the slogan ""Public Office is a Public Trust"" as his trademark of office. One newspaper, in endorsing him, said it did so for three reasons: ""1. He is honest.  2. He is honest.  3. He is honest.""  In 1882, he was elected Governor of New York, working closely with reform-minded Republican state legislator Theodore Roosevelt.']"
Did the U.S. join the League of Nations?,no,The United States did not join the League of Nations.,"[""Coolidge's official White House portraitWhile he was not an isolationist, Coolidge was reluctant to enter foreign alliances. Sobel, 342  Coolidge saw the landslide Republican victory of 1920 as a rejection of the Wilsonian idea that the United States should join the League of Nations. McCoy, 184â\x80\x93185  While not completely opposed to the idea, Coolidge believed the League, as then constituted, did not serve American interests, and he did not advocate membership in it.  He spoke in favor of the United States joining the Permanent Court of International Justice, provided that the nation would not be bound by advisory decisions. McCoy, 360  The Senate eventually approved joining the Court (with reservations) in 1926. McCoy, 363  The League of Nations accepted the reservations, but suggested some modifications of their own. Greenberg, 114â\x80\x93116  The Senate failed to act; the United States never joined the World Court."", ""For his peacemaking efforts, Wilson was awarded the 1919 Nobel Peace Prize. However, Wilson failed to win Senate support for ratification and the United States never joined the League. Republicans under Henry Cabot Lodge controlled the Senate after the 1918 elections, but Wilson refused to give them a voice at Paris and refused to agree to Lodge's proposed changes.  The key point of disagreement was whether the League would diminish the power of Congress to declare war. Historians generally have come to regard Wilson's failure to win U.S. entry into the League as perhaps the biggest mistake of his administration, and even as one of the largest failures of any American presidency.  /ref>""]"
"Did Cartier not use the word ` Canada ' to refer to not only that village , but the entire area subject to Donnacona , Chief at Stadacona ?",yes,"Cartier used the word 'Canada' to refer not only to that village, but the entire area subject to Donnacona, Chief at Stadacona.","['The name Canada comes from a St. Lawrence Iroquoian word meaning ""village"" or ""settlement.""  In 1535, inhabitants of the present-day Quebec City region used the word to direct explorer Jacques Cartier toward the village of Stadacona.    Cartier used the word \'Canada\' to refer to not only that village, but the entire area subject to Donnacona, Chief at Stadacona. By 1545, European books and maps began referring to this region as Canada.', 'The French colony of Canada referred to the part of New France along the Saint Lawrence River and the northern shores of the Great Lakes. Later, it was split into two British colonies, called Upper Canada and Lower Canada until their union as the British Province of Canada in 1841. Upon Confederation in 1867, the name Canada was adopted for the entire country, and it was frequently referred to as the Dominion of Canada until the 1950s. As Canada asserted its political autonomy from Britain, the federal government increasingly used Canada on legal state documents and treaties. The Canada Act 1982 refers only to ""Canada"" and, as such, it is currently the only legal (and bilingual) name. This was reflected in 1982 with the renaming of the national holiday from Dominion Day to Canada Day.']"
What is the life expectancy for men in Finland?,75 years,75 years,"[""The Finnish Defence Forces is a cadre army of 16,500, of which 8,700 are professional soldiers (officers), with a standard readiness strength of 34,700 people in uniform (27,300 Army, 3,000 Navy, and 4,400 Air Force). Finland's defence budget equals about 1.4 percent of the GDP. A universal male conscription is in place, under which all men above 18 years of age serve for six, nine or twelve months. Inhabitants of Finland's Ã\x85land Islands and Jehovah's Witnesses are exempt, but there are no other general exemptions. Non-military service for thirteen months is also possible. Since 1995, Finnish women have been able to do military service as volunteers. The defence is based on a large trained reserve. During the Cold War, Finland could have mobilised 490,000 reservists in a conflict, but this number has since been reduced to some 350,000 due to ongoing budget cuts."", 'The life expectancy is 82 years for women and 75 years for men.']"
"Who boasted a sizeable community of 100,000 by 1869?",British India office,"In 1881, Budapest, Hungary boasted a sizeable community of 100,000 by 1869.","['For several months, Lincoln ran a small store in New Salem, selling tea, coffee, sugar, salt, blue calico, brown muslin, straw hats and whiskey.  Beveridge (1928) 1:127-8  Later, he found work as village postmaster and as a surveyor.', ""In 1881, he moved to Budapest, Hungary, to work under Tivadar PuskÃ¡s in a telegraph company, James Grant Wilson, John Fiske, Appleton's CyclopÃ¦dia of American Biography. Page 261.""]"
When did Adams graduate from college?,1755.,Adams graduated from college in 1755.,"['Young Adams went to Harvard College at age sixteen (in 1751). MSN Encarta, John Adams  His father expected him to become a minister, but Adams had doubts.  After graduating in 1755, he taught school for a few years in Worcester, allowing himself time to think about his career choice.  After much reflection, he decided to become a lawyer, and studied law in the office of James Putnam, a prominent lawyer in Worcester. In 1758, he was admitted to the bar. From an early age, he developed the habit of writing descriptions of events and impressions of men.  These litter his diary.  He put the skill to good use as a lawyer, often recording cases he observed so that he could study and reflect upon them.  His report of the 1761 argument of James Otis in the superior court of Massachusetts as to the legality of Writs of Assistance is a good example. Otisâ\x80\x99s argument inspired Adams with zeal for the cause of the American colonies.  Ferling (1992) ch 2', 'While Washington was the unanimous choice for president, Adams came in second in the electoral college and became Vice President in the presidential election of 1789. He played a minor role in the politics of the early 1790s and was reelected in 1792. Washington never asked Adams for input on policy and legal issues.  Ferling (1992) ch 15']"
Did Abraham Lincoln live in the Frontier?,Yes,"Abraham Lincoln was born in an area considered the ""frontier"" at the time.","[""For some time, Thomas Lincoln was a respected and relatively affluent citizen of the Kentucky back country. He had purchased the Sinking Spring Farm in December of 1808 for $200 cash and assumption of a debt.  The farm site is now preserved as part of Abraham Lincoln Birthplace National Historic Site.  The family belonged to a Baptist church that had seceded from a larger church over the issue of slavery. Though Lincoln was exposed to his parents' anti-slavery sentiment from a very young age, he never joined their church, or any other church for that matter.  As a youth he had little use for religion. Life of Abraham Lincoln, Colonel Ward H. Lamon, 1872 - portions reprinted in  Chapter VIII: Abraham Lincoln, Deist, and Admirer of Thomas Paine, From the book Religious Beliefs of Our Presidents by Franklin Steiner (1936)"", 'Abraham Lincoln was born on February 12, 1809, to Thomas Lincoln and Nancy Hanks, two uneducated farmers. Lincoln was born in a one-room log cabin on the   Sinking Spring Farm, in southeast Hardin County, Kentucky (now part of LaRue County). This area was at the time considered the ""frontier."" The name ""Abraham"" was chosen to commemorate his grandfather, who was killed in an American Indian raid in 1786. Donald (1995) p 21  His elder sister, Sarah Lincoln, was born in 1807; a younger brother, Thomas Jr, died in infancy. It is sometimes debated whether Lincoln had Marfan syndrome, an autosomal dominant disorder of the connective tissue characterized by long limbs and great physical stature.  Marfan syndrome: Introduction Aug 1, 2006']"
Who lost control of his party to the agrarians and silverites in 1896?,Grover Cleveland,Cleveland,"['Cleveland\'s agrarian and silverite enemies seized control of the Democratic party in 1896, repudiated his administration and the gold standard, and nominated William Jennings Bryan on a Silver Platform. Cleveland silently supported the National Democratic Party (United States) (or ""Gold Democratic"") third party ticket that promised to defend the gold standard, limit government, and oppose protectionism. The party won only 100,000 votes in the general election (just over 1 percent). Agrarians again nominated Bryan in 1900, but in 1904 the conservatives, with Cleveland\'s support, regained control of the Democratic Party and nominated Alton B. Parker.', ""Some of Cleveland's actions were controversial with political factions. Such criticisms include but are not limited to: his intervention in the Pullman Strike of 1894 in order to keep the railroads moving (a move which angered labor unions), his support of the gold standard, and opposition to free silver which alienated the agrarian wing of the Democrats.  Furthermore, critics complained that he had little imagination and seemed overwhelmed by the nation's economic disasters   depressions and strikes   in his second term. He lost control of his party to the agrarians and silverites in 1896.""]"
What body of water lies to the south of Finland?,the Gulf of Finland,The Gulf of Finland lies to the south of Finland.,"['Finland is a country of thousands of lakes and islands; 187,888 lakes (larger than 500 mÂ²) and 179,584 islands to be precise.    One of these lakes, Saimaa, is the fifth largest in Europe. The Finnish landscape is mostly flat with few hills and its highest point, the Halti at 1,324 metres, is found in the extreme north of Lapland at the border between Finland and Norway.', ""Throughout the summer there are a range of international festivals, markets and performing arts including song and dance. The receding snow and everlasting sunlight also provide an opportunity for an array of outdoor activities. These activities range from golf, fishing, yachting, lake cruises, hiking, kayaking among many others. At Finland's northernmost point, in the heart of summer, the Sun does not completely set for 73 consecutive days. Wildlife is abundant in Finland. Bird-watching is popular for those fond of flying fauna, however hunting is also popular. Elk, reindeer and hare are all common game in Finland. The sport is highly regulated and also helps the economy.""]"
"Did Mitchell Taylor , the Nunavut Government Manager of Wildlife Research , not write a letter to the U.S. Fish and Wildlife Service arguing that local studies are insufficient evidence for global protection at this time ?",no,"Mitchell Taylor, the Nunavut Government Manager of Wildlife Research, did write a letter to the U.S. Fish and Wildlife Service arguing that local studies are insufficient evidence for global protection at this time.","['The need for species protection has been disputed by two professionals: H. Sterling Burnett and Mitchell K. Taylor. Burnett, a Senior Fellow of the right-wing advocacy group National Center for Policy Analysis, has claimed that the total global population of polar bears increased from 5,000 to 25,000 between the 1970s and 2007.    Mitchell Taylor, the Nunavut Government Manager of Wildlife Research, wrote a letter to the U.S. Fish and Wildlife Service arguing that local studies are insufficient evidence for global protection at this time.    These two people have attracted disproportionate media attention, even though their views are refuted by all polar bear scientists.  .   PBI Ask the Experts', 'In February 2005 the environmental group, Center for Biological Diversity, with broad support from environmentalists, petitioned the United States Fish and Wildlife Service (FWS), part of the Department of the Interior to use the Endangered Species Act and list the bears as a threatened species.     The FWS did not respond to the petition, despite being required to do so within 90 days under United States law.  On December 14 2006 the Center for Biological Diversity along with Greenpeace and the Natural Resources Defense Council filed a lawsuit in California.']"
What was more damaging than moving students into colleges?,His confrontation with Andrew Fleming West,"The confrontation with Andrew Fleming West, Dean of the graduate school, and West's ally, former President Grover Cleveland, a trustee, was more damaging than moving students into colleges.","['In 1906-10, he attempted to curtail the influence of the elitist ""social clubs"" by moving the students into colleges. This was met with resistance from many alumni. Wilson felt that to compromise ""would be to temporize with evil."" Walworth 1:109  Even more damaging was his confrontation with Andrew Fleming West, Dean of the graduate school, and West\'s ally, former President Grover Cleveland, a trustee. Wilson wanted to integrate the proposed graduate building into the same area with the undergraduate colleges; West wanted them separated. The trustees rejected Wilson\'s plan for colleges in 1908, and then endorsed West\'s plans in 1909. The national press covered the confrontation as a battle of the elites (West) versus democracy (Wilson). Wilson, after considering resignation, decided to take up invitations to move into New Jersey state politics. Walworth v 1 ch 6, 7, 8', 'Wilson had ignored the problems of demobilization after the war, and the process was chaotic and violent. Four million soldiers were sent home with little planning, little money, and few benefits.  A wartime bubble in prices of farmland burst, leaving many farmers bankrupt or deeply in debt after they purchased new land.  In 1919, major strikes in steel and meatpacking broke out.  Serious race riots hit Chicago and other cities.']"
What is one significant non-official language?,Chinese.,Italian,"['Non-official languages are important in Canada, with 5,202,245 people listing one as a first language.  Some significant non-official first languages include Chinese (853,745 first-language speakers), Italian (469,485), German (438,080), and Punjabi (271,220).', ""Nine languages have the status of government-sponsored languages: Akan, Dagaare/Wale, Dagbani, Dangme, Ewe, Ga, Gonja, Kasem, and Nzema. Though not an official language, Hausa is the lingua-franca spoken among Ghana's Muslims, who comprise about 14% of the population.""]"
Did Theodore Roosevelt go to Harvard?,Yes,"Yes, Theodore Roosevelt attended Harvard College.","['While at Harvard, Roosevelt was active in rowing, boxing and the Alpha Delta Phi and Delta Kappa Epsilon fraternities.  He also edited a student magazine. He was runner-up in the Harvard boxing championship, losing to C.S. Hanks. The sportsmanship Roosevelt showed in that fight was long remembered.  Upon graduating from Harvard, Roosevelt underwent a physical examination and his doctor advised him that due to serious heart problems, he should find a desk job and avoid strenuous activity. Roosevelt chose to embrace strenuous life instead. The Rise of Theodore Roosevelt by Edmund Morris.', 'Young ""Teedie"" , as he was nicknamed as a child, (the nickname ""Teddy"" was from his first wife, Alice Hathaway Lee, and he later harbored an intense dislike for it) was mostly home schooled by tutors and his parents. A leading biographer says: ""The most obvious drawback to the home schooling Roosevelt keely received was uneven coverage of the various areas of human knowledge."" He was solid in geography (thanks to his careful observations on all his travels) and very well read in history, strong in biology, French and German, but deficient in mathematics, Latin and Greek.  Brands T. R. p. 49â\x80\x9350  He matriculated at Harvard College in 1876, graduating magna cum laude. His father\'s death in 1878 was a tremendous blow, but Roosevelt redoubled his activities. He did well in science, philosophy and rhetoric courses but fared poorly in Latin and Greek.  He studied biology with great interest and indeed was already an accomplished naturalist and published ornithologist. He had a photographic memory and developed a life-long habit of devouring books, memorizing every detail. Brands p. 62  He was an eloquent conversationalist who, throughout his life, sought out the company of the smartest people. He could multitask in extraordinary fashion, dictating letters to one secretary and memoranda to another, while browsing through a new book.']"
Is the Asian elephant larger than the African?,no,The African elephant is typically larger than the Asian elephant.,"['African elephants, at up to 4 m (13 ft 1 in) tall and weighing 7500 kg (8.27 short tons), are usually  larger than the Asian species and they have bigger ears. Both male and female African elephants have long tusks, while their Asian counterparts have shorter ones, with those of females vanishingly small. African elephants have a dipped back, smooth forehead and two ""fingers"" at the tip of their trunks, whereas the Asian have an arched back, two humps on the forehead and only one ""finger"" at the tip of their trunks.', ""African elephants are distinguished from Asian elephants in several ways, the most noticeable being their ears. Africans' ears are much larger and are shaped like the continent of their origin. The African is typically larger than the Asian and has a concave back. Both African males and females have external tusks and are usually less hairy than their Asian cousins.""]"
Is Avogadro 's number commonly used to compute the results of chemical reactions ?,yes,Avogadro's number is commonly used to compute the results of chemical reactions.,"[""Loschmidt first calculated the value of Avogadro's number, now called Avogadro's constant, which is still sometimes referred to as the Loschmidt number in German-language countries (Loschmidt constant now has another meaning).  Avogadro's number is commonly used to compute the results of chemical reactions. It allows chemists to determine the exact amounts of substances produced in a given reaction."", ""The scientific community did not reserve great attention to his theory, so Avogadro's hypothesis was not immediately accepted when announced. André-Marie Ampère too was able three years later to achieve the same result by another method (in his Sur la détermination des proportions dans lesquelles les corps se combinent d'après le nombre et la disposition respective des molécules dont leurs particules intégrantes sont composées), but the same indifferent regard was given to his theories as well.""]"
What happened in 1896?, Becquerel accidentally discovered radioactivity.,John P. Altgeld of Illinois became a bitter foe of Democrat President Cleveland in 1896.,"['At the Pan-American Exposition in Buffalo, New York President McKinley was shot by Leon Czolgosz (Zol-gash), on September 6, 1901.  Roosevelt had been giving a speech in Vermont when he heard of the shooting. He rushed to Buffalo but after being assured the President would recover, he went on a planned family camping and hiking trip to Mount Marcy. In the mountains a runner notified him McKinley was on his death bed. Roosevelt pondered with his wife, Edith, how best to respond, not wanting to show up in Buffalo and wait on McKinley\'s death. Roosevelt was rushed by a series of stagecoaches to North Creek train station. At the station, Roosevelt was handed a telegram that said President McKinley died at 2:30 AM that morning. Roosevelt continued by train from North Creek to Buffalo. He arrived in Buffalo later that day, accepting an invitation to stay at the home of Ansley Wilcox, a prominent lawyer and friend since the early 1880s when they had both worked closely with New York State Governor Grover Cleveland on civil service reform. Wilcox recalled, ""the family and most of the household were in the country, but he Roosevelt was offered a quiet place to sleep and eat, and accepted it."" Roosevelt was a successful president. He would achieve a lot of goals in life. Some of these goals were that he won the Spanish-American War, and the Nobel Peace Prize, and he also was the youngest president in United States history. ""It is a dreadful thing to come into the Presidency this way."" Retrieved February 2 2007.', 'Cleveland refused to allow Eugene Debs to use the Pullman Strike to shut down most of the nation\'s passenger, freight and mail traffic in June 1894. He obtained an injunction in federal court, and when the strikers refused to obey it, he sent in federal troops to Chicago, Illinois and 20 other rail centers. ""If it takes the entire army and navy of the United States to deliver a postcard in Chicago,"" he thundered, ""that card will be delivered."" Most governors supported Cleveland except Democrat John P. Altgeld of Illinois, who became his bitter foe in 1896.']"
What happened in 1745?,The scale was reversed,John Adams was sent to the first and second Continental Congresses in 1774 and from 1775 to 1778.,"['Massachusetts sent Adams to the first and second Continental Congresses in 1774 and from 1775 to 1778.  In 1775 he was also appointed the chief judge of the Massachusetts Superior Court.  In June 1775, with a view of promoting the union of the colonies, he nominated George Washington of Virginia as commander-in-chief of the army then assembled around Boston. His influence in Congress was great, and almost from the beginning, he sought permanent separation from Britain. On October 5, 1775, Congress created the first of a series of committees to study naval matters.', 'In 1770, a street confrontation resulted in British soldiers killing four civilians in what became known as the Boston Massacre. The soldiers involved, who were arrested on criminal charges, had trouble finding legal counsel.  Finally, they asked Adams to defend them.  Although he feared it would hurt his reputation, he agreed. One of the soldiers, Captain Thomas Preston gave Adams a symbolic ""single guinea"" as a retaining fee, Chinard, John Adams, 58-60  the only fee he received in the case. Or, as stated in the biography of John Adams by David McCullough, Adams received nothing more than a retainer of eighteen guineas. McCullough, John Adams, pg. 66']"
Where is the most densely populated part of Canada?,The most densely populated part of the country is the Quebec City-Windsor Corridor along the Great Lakes and Saint Lawrence River in the southeast.,The most densely populated part of Canada is the Quebec City-Windsor Corridor along the Great Lakes and Saint Lawrence River in the southeast.,"['The population density,  , is among the lowest in the world.    The most densely populated part of the country is the Quebec City-Windsor Corridor along the Great Lakes and Saint Lawrence River in the southeast.', ""Canada's 2006 census counted 31,612,897, an increase of 5.4% since 2001.    Population growth is from immigration and, to a lesser extent, natural growth. About three-quarters of Canada's population lives within 150 kilometres (90 mi) of the US border.    A similar proportion live in urban areas concentrated in the Quebec City-Windsor Corridor (notably: the Greater Golden Horseshoe anchored around Toronto, Montreal, Ottawa, and their environs), the BC Lower Mainland (Vancouver and environs), and the Calgary-Edmonton Corridor in Alberta.""]"
How much do sea otters weigh?,30 kg (about 65 pounds),Sea otters weigh 30 kg (about 65 pounds).,"['Sea otters eat shellfish and other invertebrates (especially clams, abalone, and sea urchins ), frequently using rocks as crude tools to smash open shells. They grow to 1 to 1.5 m (2.5 to 5 feet) in length and weigh 30 kg (about 65 pounds). Although once near extinction, they have begun to spread again, from remnant populations in California and Alaska.', 'Otters do not depend on their specialized fur alone for survival in the cold waters where many live: they also have very high metabolic rates. For example Eurasian otters must eat 15% of their body-weight a day, and sea otters, 20 to 25%, depending on the temperature. In water as warm as 10Â°C an otter needs to catch 100 g of fish per hour to survive.  Most species hunt for 3 to 5 hours a day, and nursing mothers up to 8 hours a day.']"
What did Aristotle say about elephants?,the beast which pasS08_seth all others in wit and mind,"Aristotle once said the elephant was ""the beast which passeth all others in wit and mind.""","['Elephants are symbols of wisdom in Asian cultures, and are famed for their memory and high intelligence, and are thought to be on par with cetaceans    and hominids   . Aristotle once said the elephant was ""the beast which passeth all others in wit and mind.""', 'War elephants were used by armies in the Indian sub-continent, and later by the Persian empire. This use was adopted by Hellenistic armies after Alexander the Great experienced their worth against king Porus, notably in the Ptolemaic and Seleucid diadoch empires. The Carthaginian general Hannibal took elephants across the Alps when he was fighting the Romans, but brought too few elephants to be of much military use, although his horse cavalry was quite successful; he probably used a now-extinct third African (sub)species, the North African (Forest) elephant, smaller than its two southern cousins, and presumably easier to domesticate. A large elephant in full charge could cause tremendous damage to infantry, and cavalry horses would be afraid of them (see Battle of Hydaspes).']"
Why are relations with Malaysia and Indonesia important?,"Due to obvious geographical reasons, relations with Malaysia and Indonesia are most important.",Relations with Malaysia and Indonesia are important due to obvious geographical reasons and historical ties.,"['In contrast to Sukarno\'s antipathy to western powers and hostility to Malaysia, Indonesia\'s foreign relations approach since the Suharto ""New Order"" has been one of international cooperation and accommodation, to gain external support for Indonesia\'s political stability and economic development.    Indonesia maintains close relationships with its neighbors in Asia, and is a founding member of ASEAN and the East Asia Summit.    The nation restored relations with the People\'s Republic of China in 1990 following a freeze in place since anti-communist purges early in the Suharto era.  Indonesia has been a member of the United Nations since 1950, Indonesia temporarily withdrew from the UN on January 20 1965 in response to the fact that Malaysia was elected as a non-permanent member of the Security Council. It announced its intention to ""resume full cooperation with the United Nations and to resume participation in its activities"" on September 19 1966, and was invited to re-join the UN on September 28 1966.  and was a founder of the Non-Aligned Movement (NAM) and the Organization of the Islamic Conference (OIC).  Indonesia is signatory to the ASEAN Free Trade Area agreement, and a member of OPEC, the Cairns Group and the WTO. Indonesia has received humanitarian and development aid since 1966, in particular from the United States, western Europe, Australia, and Japan.', 'Singapore maintains diplomatic relations with 175 countries     although it does not maintain a high commission or embassy in many of those countries. It is a member of the United Nations, the Commonwealth, ASEAN and the Non-Aligned Movement. Due to obvious geographical reasons, relations with Malaysia and Indonesia are most important. Singapore enjoys good relations with the United Kingdom which shares ties in the Five Power Defence Arrangements (FPDA) along with Malaysia, Australia and New Zealand. Good relations are also maintained with the United States; the US is perceived as a stabilizing force in the region to counterbalance the regional powers.']"
Was Ford an Eagle Scout?,yes,Yes.,"[""Ford joined the Boy Scouts of America, and attained that program's highest rank, Eagle Scout. He always regarded this as one of his proudest accomplishments, even after attaining the White House.     In subsequent years, Ford received the Distinguished Eagle Scout Award in May 1970 and Silver Buffalo Award from the Boy Scouts of America. He is the only US president who was an Eagle Scout.    Scouting was so important to Ford that his family asked that Scouts participate in his funeral. About 400 Eagle Scouts were part of the funeral procession, where they formed an honor guard as the casket went by in front of the museum, and served as ushers."", 'Eagle Scout Gerald Ford (circled in red) in 1929.']"
How do cuba and declining participation relate?,Canada maintains full relations with both.,Cuba experienced a decline in participation due to the worsening economic conditions that led to high unemployment levels and falling real wages.,"[""While some parts of the economy appeared to be resilient, the downturn had severe impact on the local population. Unemployment levels rose to more than 20%, real wages fell, the peso devalued. These worsening economic conditions played a part in turning public opinion against the mildly free market economic policies adopted by the previous administrations in the 1990s, leading to the popular rejection of proposals for privatization of the state petroleum company in 2003 and of the state water company in 2004. The newly elected Frente Amplio government, while pledging to continue payments on Uruguay's external debt, Michael Fox,  Uruguay's Frente Amplio: From Revolution to Dilution, June 19, 2007. Retrieved August 11, 2007.   has also promised to undertake a Emergency Plan (See section:Social Problems Poverty and inequality) to attack the widespread problems of poverty and unemployment.   (See leaders, President Tabare Vazquez 'On taking office he announced a $100m emergency plan to help the poor '"", ""In 1991, Finland fell into a severe depression caused by economic overheating, depressed foreign markets and the dismantling of the barter system between Finland and the former Soviet Union. More than twenty percent of Finnish trade was with the Soviet Union before 1991, and in the following two years the trade practically ceased. The growth in the 1980s was based on debt, and when the defaults began rolling in, an avalanche effect increased the unemployment from a virtual full employment to one fifth of the workforce. However, civil order remained and the state alleviated the problem of funding the welfare state by taking massive debts. 1991 and again in 1992, Finland devalued the markka to promote export competitiveness. This helped stabilise the economy; the depression bottomed out in 1993, with continued growth through 1995. Since then the growth rate has been one of the highest of OECD countries, and national debt has been reduced to 41.1 percent of GDP (fulfilling the EU's Stability and Growth Pact requirement). Unfortunately, the unemployment has been persistent, and is currently at about 7 percent.""]"
Will oil and gas probably remain the backbone of Qatar 's economy for some time to come ?,Yes,Oil and gas will likely continue to be the mainstay of Qatar's economy for the foreseeable future.,"[""Qatar's national income primarily derives from oil and natural gas exports. The country has oil estimated at 15 billion barrels (2.4 kmÂ³), while gas reserves in the giant north field (South Pars for Iran) which straddles the border with Iran and are almost as large as the peninsula itself are estimated to be between 800â\x80\x93900tcf (Trillion Cubic Feet - 1tcf is equal to around 80 million barrels of oil equivalent). Qataris' wealth and standard of living compare well with those of Western European states; Qatar has one of the highest GDP per capita in the Arab World.  With no income tax, Qatar is also one of the two least-taxed sovereign states in the world (the other is Bahrain)."", ""Before the discovery of oil the economy of the Qatari region focused on fishing and pearling. After the introduction of the Japanese cultured pearl onto the world market in the 1920s and 1930s, Qatar's pearling industry faltered. However, the discovery of oil reserves, beginning in the 1940s, completely transformed the state's economy. Now the country has a high standard of living, with many social services offered to its citizens and all the amenities of any modern state.""]"
Is it true that he married louise désirée lorieux in 1890?,yes,"Yes, it is true that he married Louise Désirée Lorieux in 1890.","['Becquerel was born in Paris into a family which, including he and his son Jean, produced four generations of scientists. He studied science at the Ã\x89cole Polytechnique and engineering at the Ã\x89cole des Ponts et ChaussÃ©es. In 1890 he married Louise DÃ©sirÃ©e Lorieux.', ""On June 2, 1886, Cleveland married Frances Cornelia Folsom, the daughter of his former law partner, in the Blue Room in the White House. He was the second President to marry while in office, and the only President to have a wedding in the White House itself. This marriage was controversial because Cleveland was the executor of the Folsom estate and supervised Frances' upbringing. Folsom, at 21 years old, was the youngest First Lady in the history of the United States. Their children were Ruth Cleveland (1891-1904); Esther Cleveland (1893-1980); Marion Cleveland (1895-1977); Richard Folsom Cleveland (1897-1974); and Francis Grover Cleveland (1903-1995).""]"
Was Watt ranked 22nd in Michael H. Hart 's list of the most influential figures in history ?,Yes.,Yes.,"[""Watt was ranked first, tying with Edison, among 229 significant figures in the history of technology by Charles Murray's survey of historiometry presented in his book Human Accomplishments. Watt was ranked 22nd in Michael H. Hart's list of the most influential figures in history."", 'Watt was a gentleman, greatly respected by other prominent men of the Industrial Revolution. He was an important member of the Lunar Society, and was a much sought after conversationalist and companion, always interested in expanding his horizons.  He was a rather poor businessman, and especially hated bargaining and negotiating terms with those who sought to utilize the steam engine.  Until he retired, he was always much concerned about his financial affairs, and was something of a worrier. His personal relationships with his friends and partners were always congenial and long-lasting.']"
Who has its own political legislature and governor ?,each province,Each province in Canada has its own political legislature and governor.,"['All provinces have unicameral, elected legislatures headed by a Premier selected in the same way as the Prime Minister of Canada. Each province also has a Lieutenant-Governor representing the Queen, analogous to the Governor General of Canada, appointed on the recommendation of the Prime Minister of Canada, though with increasing levels of consultation with provincial governments in recent years.', ""The monarch is represented by a viceroy, the Governor General, who is empowered to exercise almost all of the constitutional duties of the sovereign, though wielding these powers almost always on the advice of the appointed Queen's Privy Council for Canada. In practice, the only body to direct the use of the executive powers is the Cabinet   a committee of the Privy Council made up of Ministers of the Crown, all of whom are  responsible to the elected House of Commons. The Cabinet is headed by the Prime Minister, who holds the conventional position of head of government; to ensure the stability of government, the Governor General will usually appoint the person who is the current leader of the political party that can obtain the confidence of a plurality in the House of Commons. The Prime Minister chooses the Cabinet, and by convention, the Governor General respects the Prime Minister's choices. MichaÃ«lle Jean has served as Governor General since September 27, 2005, and Stephen Harper, leader of the Conservative Party, has been her Prime Minister since February 6, 2006.""]"
Is it true that he practiced law in fredericksburg?,yes,"No, based on the context information provided, he practiced law in Springfield, Illinois.","['In 1834, he won election to the state legislature, and after coming across the Commentaries on the Laws of England, began to teach himself law. Admitted to the bar in 1837, he moved to Springfield, Illinois, that same year and began to practice law with John T. Stuart. With a reputation as a formidable adversary during cross-examinations and in his closing arguments, Lincoln became one of the most respected and successful lawyers in Illinois and grew steadily more prosperous.', 'Possibly the most notable criminal trial of Lincoln\'s career as a lawyer came in 1858, when he defended William ""Duff"" Armstrong, who has been charged with murder. The case became famous for Lincoln\'s use of judicial notice--a rare tactic at that time--to show that an eyewitness had lied on the stand. After the witness testified to having seen the crime by moonlight, Lincoln produced a Farmers\' Almanac to show that the moon on that date was at such a low angle that it could not have provided enough illumination to see anything clearly. Based almost entirely on this evidence, Armstrong was acquitted. Donald (1995), 150-51']"
What did Jefferson call John Adams?,"The ""Colossus of Independence"".","Jefferson hailed Adams as ""The Colossus of that Congress the great pillar of support to the Declaration of Independence, and its ablest advocate and champion on the floor of the House.""","['He was appointed on a committee with Thomas Jefferson, Benjamin Franklin, Robert R. Livingston and Roger Sherman, to draft a Declaration of Independence. Although that document was largely drafted by Jefferson, Adams occupied the foremost place in the debate on its adoption. He deferred the writing to Jefferson believing it would be better received having been written by him. Adams believed Jefferson wrote profoundly better than any man in Congress, and he himself was ""obnoxious and disliked."" Many years later, Jefferson hailed Adams as, ""The Colossus of that Congress the great pillar of support to the Declaration of Independence, and its ablest advocate and champion on the floor of the House."" Lipscomb & Bergh, eds. Writings of Thomas Jefferson (1903), vol 13, p xxiv  In 1777, Adams resigned his seat on the Massachusetts Superior Court to serve as the head of the Board of War and Ordinance, as well as many other important committees.  Marquis 1607-1896', ""Adams's four years as president (1797 1801) were marked by intense disputes over foreign policy. Britain and France were at war; Adams and the Federalists favored Britain, while Jefferson and the Democratic-Republicans favored France. An undeclared naval war between the U.S. and France, called the Quasi-War, broke out in 1798. The humiliation of the XYZ Affair, in which the French demanded huge bribes before any discussions could begin, led to serious threats of full-scale war with France and embarrassed the Jeffersonians, who were friends to France. The Federalists built up the army under George Washington and Alexander Hamilton, built warships, such as the USS Constitution, and raised taxes. They cracked down on political immigrants and domestic opponents with the Alien and Sedition Acts, which were signed by Adams in 1798.""]"
"Was Wilson , a staunch opponent of antisemitism , sympathetic to the plight of Jews , especially in Poland and in France ?",Yes,"Wilson, a staunch opponent of antisemitism, was sympathetic to the plight of Jews, especially in Poland and in France.","['Wilson, a staunch opponent of antisemitism , was sympathetic to the plight of Jews, especially in Poland and in France. As President, Wilson repeatedly stated in 1919 that U.S. policy was to ""acquiesce"" in the Balfour Declaration but not officially support Zionism   Walworth (1986) 473-83, esp. p. 481; Melvin I. Urofsky, American Zionism from Herzl to the Holocaust, (1995) ch. 6; Frank W. Brecher, Reluctant Ally: United States Foreign Policy toward the Jews from Wilson to Roosevelt. (1991) ch 1-4.  . After he left office Wilson wrote a letter of strong support to the idea of a Jewish state in Palestine and objected to territorial concessions regarding its borders.   In 1923 he wrote ""The Zionist cause depends on rational northern and eastern boundaries for a self-maintaining, economic development of the country. This means, on the north, Palestine must include the Litani River and the watersheds of the Hermon, and on the east it must include the plains of the Jaulon and the Hauran. Narrower than this is a mutilation...I need not remind you that neither in this country nor in Paris has there been any opposition to the Zionist program, and to its realization the boundaries I have named are indispensable"". Quoted in Palestine: The Original Sin , Meir Abelson', ""To stop defeatism at home, Wilson pushed the Espionage Act of 1917 and the Sedition Act of 1918 through Congress to suppress anti-British, pro-German, or anti-war opinions.  He welcomed socialists who supported the war, such as Walter Lippmann, but would not tolerate those who tried to impede the war or, worse, assassinate government officials, and pushed for deportation of foreign-born radicals. Avrich, Paul, Sacco and Vanzetti: The Anarchist Background, Princeton University Press, 1991   His wartime policies were strongly pro-labor, though again, he had no love for radical unions like the Industrial Workers of the World.  The American Federation of Labor and other 'moderate' unions saw enormous growth in membership and wages during Wilson's administration. There was no rationing, so consumer prices soared. As income taxes increased, white-collar workers suffered. Appeals to buy war bonds were highly successful, however. Bonds had the result of shifting the cost of the war to the affluent 1920s.""]"
Can the title of this famous 1811 paper be roughly translated into english?,yes,"The title of this famous 1811 paper can be roughly translated into English as ""Essay on Determining the Relative Masses of the Elementary Molecules of Bodies"".","['In 1811, he published an article with the title Essai d\'une manière de déterminer les masses relatives des molécules élémentaires des corps, et les proportions selon lesquelles elles entrent dans ces combinaisons, which contains the famous Avogadro\'s hypothesis. The title of this famous 1811 paper can be roughly translated into English as ""Essay on Determining the Relative Masses of the Elementary Molecules of Bodies"".  (Note: At that time in 1811, northern Italy was actually under French rule during the era of Napoléon Bonaparte. Avogadro submitted his poem to a French journal. This paper was written in French, not in Italian.)', 'The title page of The Chemical History of a Candle (1861)']"
What makes it more difficult for a diving duck to fly?,They are heavier,"Diving ducks are heavier than dabbling ducks, which makes it more difficult for them to take off and fly.","['Diving ducks and sea ducks forage deep underwater. To be able to submerge more easily, the diving ducks are heavier than dabbling ducks, and therefore have more difficulty taking off to fly.', 'Adult ducks are fast fliers, but may be caught on the water by large aquatic predators. This can occasionally include fish such as the muskie in North America or the pike in Europe. In flight, ducks are safe from all but a few predators such as humans and the Peregrine Falcon, which regularly uses its speed and strength to catch ducks.']"
Are ducks in the Arctic Northern Hemisphere migratory?,Some are,"Yes, some duck species in the Arctic Northern Hemisphere are migratory.","['Some duck species, mainly those breeding in the temperate and Arctic Northern Hemisphere, are migratory; those in the tropics, however, are generally not. Some ducks, particularly in Australia where rainfall is patchy and erratic, are nomadic, seeking out the temporary lakes and pools that form after localised heavy rain.', 'Ducks have become an accepted presence in populated areas. Migration patterns have changed such that many species remain in an area during the winter months. In spring and early summer ducks sometimes influence human activity through their nesting; sometimes a duck pair nests well away from water, needing a long trek to water for the hatchlings: this sometimes causes an urgent wildlife rescue operation (e.g. by the RSPCA) if the duck nested somewhere unsuitable like in a small enclosed courtyard.']"
What percentage of Liechtenstein's population is foreign-born?,two-thirds,Two-thirds of Liechtenstein's workforce is made up of foreign-born people.,"[""Liechtenstein is the fourth smallest country of Europe, after the Vatican City, Monaco, and San Marino. Its population is primarily ethnic Alemannic, although its resident population is approximately one third foreign-born, primarily German speakers from the Federal Republic of Germany, Austria, and the Swiss Confederation, other Swiss, Italians, and Turks. Foreign-born people make up two-thirds of the country's workforce. Nationals are referred to by the plural: Liechtensteiners."", ""Liechtensteiners have an average life expectancy at birth of 79.68 years (76.1 years for males; 83.28 years for females). The infant mortality rate is 4.64 deaths per 1,000 live births, according to recent estimates. An estimated 100 percent of the population, age 10 and older, can read and write.  The Programme for International Student Assessment, coordinated by the OECD, currently ranks Liechtenstein's education as the 10th best in the world, being significantly higher than the OECD average.""]"
When did the Gettysburg address argue that America was born?,1776,The Gettysburg Address argued that America was born in 1776.,"['In his Gettysburg Address Lincoln redefined the American nation, arguing that it was born not in 1789 but in 1776, ""conceived in Liberty, and dedicated to the proposition that all men are created equal."" He declared that the sacrifices of battle had rededicated the nation to the propositions of democracy and equality, ""that this nation shall have a new birth of freedom â\x80\x94 and that government of the people, by the people, for the people, shall not perish from the earth."" By emphasizing the centrality of the nation, he rebuffed the claims of state sovereignty. While some critics say Lincoln moved too far and too fast,  H.L. Mencken said ""It is difficult to imagine anything more untrue. The Union soldiers in the battle actually fought against self-determination; it was the Confederates who fought for the right of their people to govern themselves."" Mencken did not mention the right of self-determination rights for blacks.   they agree that he dedicated the nation to values that marked ""a new founding of the nation.""  Wills (1992) p. 39.', 'Lincoln\'s powerful rhetoric defined the issues of the war for the nation, the world, and posterity. His extraordinary command of the English language was evidenced in the Gettysburg Address, a speech dedicating the cemetery at Gettysburg that he delivered on November 19, 1863. The speech defied Lincoln\'s own prediction that ""the world will little note, nor long remember what we say here."" Lincoln\'s second inaugural address is also greatly admired and often quoted. In these speeches, Lincoln articulated better than anyone else the rationale behind the Union cause.']"
Who got Seward elected to the senate?,Weed,Weed ultimately got Seward elected to the senate.,"[""Fillmore was also selected in part to block New York state machine boss Thurlow Weed from receiving the vice presidential nomination (and his front man William H. Seward from receiving a position in Taylor's cabinet). Weed ultimately got Seward elected to the senate. This competition between Seward and Fillmore led to Seward's becoming a more vocal part of cabinet meetings and having more of a voice than Fillmore in advising the administration. The battle would continue even after Taylor's death."", 'In 1911 the State Senator for the Hampshire County area retired and encouraged Coolidge to run for his seat for the 1912 session. He defeated his Democratic opponent by a large margin. Sobel, 76  At the start of that term, Coolidge was selected to be chairman of a committee to arbitrate the ""Bread and Roses"" strike by the workers of the American Woolen Company in Lawrence, Massachusetts. See also the main article, Lawrence textile strike, for a full description.  After two tense months, the company agreed to the workers\' demands in a settlement the committee proposed. Fuess, 110â\x80\x93111; McCoy, 45â\x80\x9346  The other major issue for Republicans that year was the party split between the progressive wing, which favored Theodore Roosevelt, and the conservative wing, which favored William Howard Taft. Although he favored some progressive measures, Coolidge refused to bolt the party. Sobel, 79â\x80\x9380; Fuess, 111  When the new Progressive Party declined to run a candidate in his state senate district, Coolidge won reelection against his Democratic opponent by an increased margin.']"
With what party did Adams run for presidency?,The Federalist Party,Adams ran for presidency with the Federalist Party.,"[""During the presidential campaign of 1796 Adams was the presidential candidate of the Federalist Party and Thomas Pinckney, the Governor of South Carolina, his running mate. The federalists wanted Adams as their presidential candidate to crush Thomas Jefferson's bid. Most federalists would have preferred Hamilton to be a candidate.  Although Hamilton and his followers supported Adams, they also held a grudge against him.  They did consider him to be the lesser of the two evils. However, they thought Adams lacked the seriousness and popularity that had caused Washington to be successful, and also feared that Adams was too vain, opinionated, unpredictable, and stubborn to follow their directions.  Adams' opponents were former Secretary of State Thomas Jefferson of Virginia, who was joined by Senator Aaron Burr of New York on the Democratic-Republican ticket."", ""In the election of 1800 John Adams and his running mate, Charles Cotesworth Pinckney went against the Republican duo of Jefferson and Burr. Hamilton tried his hardest to sabotage Adams campaign in hopes of boosting Pinckney's chances of winning the presidency. In the end, Adams lost narrowly to Jefferson by 65 to 73 electoral votes.""]"
"What are approximately 42,000 years old and have been nicknamed`` John of Anina''?",the remains (the lower jaw) of the oldest modern human,"The remains (the lower jaw) are approximately 42,000 years old and have been nicknamed ""John of Anina"" (Ion din Anina).","['In 2002, the oldest modern human (Homo sapiens sapiens) remains in Europe were discovered in the ""Cave With Bones"" (PeÅ\x9ftera cu Oase) near Anina in present day Romania.    The remains (the lower jaw) are approximately 42,000 years old and have been nicknamed ""John of Anina"" (Ion din Anina). As Europeâ\x80\x99s oldest remains of Homo sapiens, they may represent the first such people to have entered the continent.     The remains are especially interesting because they present a mixture of archaic, early modern human and Neanderthal morphological features.', 'Perudyptes from northern Peru was dated to 42 mya. An unnamed fossil from Argentina proves that by the Bartonian (Middle Eocene), some 39-38 mya']"
Can a panther be any of several species of large felid?,Yes,Yes.,"['A panther can be any of several species of large felid; in North America, the term refers to cougars, in South America, jaguars, and elsewhere, leopards. Early naturalists distinguished between leopards and panthers not by colour (a common misconception), but by the length of the tail panthers having longer tails than leopards.', ""The leopard (Panthera pardus) is an Old World mammal of the Felidae family and the smallest of the four 'big cats' of the genus Panthera, along with the tiger, lion, and jaguar. Leopards that are melanistic, either all-black or very dark in coloration, are known colloquially as Black Panthers.""]"
What is an economic use of a duck?,Meat,"Ducks are farmed for their meat, eggs, feathers (particularly their down), which are some of their economic uses.","['Ducks have many economic uses, being farmed for their meat, eggs, feathers, (particularly their down). They are also kept and bred by aviculturists and often displayed in zoos. All domestic ducks are descended from the wild Mallard Anas platyrhynchos, except the Muscovy Duck', 'Most ducks have a wide flat beak adapted for dredging. They exploit a variety of food sources such as grasses, aquatic plants, fish, insects, small amphibians  Photo of a duck eating a frog , worms, and small molluscs.']"
How much increase in the media's contribution to GDP is the government seeking?,The government seeks to increase its GDP contribution to 3% by 2012. ,The government is seeking to increase the media industry's GDP contribution to 3% by 2012.,"[""The media of Singapore play an important role in Singapore, one of the key strategic media centres in the Asia-Pacific region.    This is in line with the government's aggressive push to establish Singapore as a media hub in the world under the Media 21 plan launched in 2002.    Comprising of the publishing, print, broadcasting, film, music, digital and IT media sectors, the media industry collectively employed about 38,000 people and contributed 1.56% to Singapore's gross domestic product (GDP) in 2001 with an annual turnover of S$10 billion. The industry grew at an average rate of 7.7% annually from 1990 to 2000, and the government seeks to increase its GDP contribution to 3% by 2012."", 'The government has struggled to prepare the economy for the new millennium through economic reform and massive investments in communications and physical infrastructure. Egypt has been receiving  U.S. foreign aid (since 1979, an average of $2.2 billion per year) and is the third-largest recipient of such funds from the United States following the Iraq war. Its main revenues however come from tourism as well as traffic that goes through the Suez Canal.']"
